{
	"class_name" : "PinholeCameraParameters",
	"extrinsic" : 
	[
		0.71785778338076045,
		0.098358461982958445,
		-0.68920665681347582,
		0.0,
		-0.34389388823470535,
		-0.81066218162069192,
		-0.4738816528678827,
		0.0,
		-0.60532404253794292,
		0.57719358992137759,
		-0.54811528283673627,
		0.0,
		12.693344778022571,
		13.511027004861155,
		194.43051675922405,
		1.0
	],
	"intrinsic" : 
	{
		"height" : 964,
		"intrinsic_matrix" : 
		[
			834.84848924819892,
			0.0,
			0.0,
			0.0,
			834.84848924819892,
			0.0,
			959.5,
			481.5,
			1.0
		],
		"width" : 1920
	},
	"version_major" : 1,
	"version_minor" : 0
}